patient,Q5SRH9.3_N,Q5SRH9.3_C,Q5SRH9.4_N,Q5SRH9.4_C
53,1.03974908822554,0.96545684980588,1.23670133496478,0.786358573736803
54,0.658408111316699,1.0702360453053,2.29266083109793,1.29755910082043
55,0.524190098289821,1.25029144696735,1.07429761400537,0.637990807410545
56,0.833744211168034,1.28506454614488,0.937914725398842,0.510106357946256
