patient,Q6UXH1.2_N,Q6UXH1.2_C,Q6UXH1.5_N,Q6UXH1.5_C
13,0,0,1.05657835233792,1.62850426248379
14,0,0,0.788817380319696,1.36179162602264
15,0,0,0.861630918611039,1.7103790826223
16,0,0,1.69870910837286,2.34662719991628
53,1.52680250867694,1.96730360099818,0,0
54,0.978909179249648,0.794175596668197,0,0
55,0.676142382242769,1.59173980068487,0,0
56,0.767695514784296,0.994776864582533,0,0
