patient,Q9H665_N,Q9H665_C,Q9H665.2_N,Q9H665.2_C
25,0.729158350109222,0.853296783312631,1.07216811122073,0.905929624062806
26,0.823962821775817,1.00965434531203,1.66061918288341,1.27673638929904
27,0.658226752901872,1.03490812524093,1.37022960574379,1.14741072788309
28,0.763872874459245,1.37743607315715,1.19135430530082,1.32679366382612
93,0.936221386321368,1.01485044677192,0,0
94,0.963733866569715,1.13910757484653,0,0
95,0.86080153258848,0.95637856054144,0,0
96,1.03925160460336,1.86781424356411,0,0
