patient,Q9H9R9_N,Q9H9R9_C,Q9H9R9.3_N,Q9H9R9.3_C
17,0.819966816111837,1.4978642284746,0,0
18,0.594725879902566,0.951893952765912,0,0
19,0.87950012355703,1.89700991986444,0,0
20,0.745052423482896,3.06153140113672,0,0
25,0,0,0.967662357097185,1.03933483586299
26,0,0,1.45926164422698,1.25344077780851
27,0,0,1.03446446305727,1.03362552546969
28,0,0,0.914963472203957,1.15377952720198
