patient,Q9UPT5.2_N,Q9UPT5.2_C,Q9UPT5.6_N,Q9UPT5.6_C
53,0,0,0.980397962224972,0.785569773661699
54,0,0,1.08617514522404,1.05502426815572
55,0,0,0.848031407474079,0.89174369511538
56,0,0,0.794894114256727,1.12365804698094
73,1.39575641180097,0.677450445406677,0,0
74,1.69593051136135,0.567885836044042,0,0
75,0.805332123849278,0.586668273012678,0,0
76,1.22942636911469,0.649046468282934,0,0
